{"count":1,"gauges":{"My Behavior.CumulativeReward":{"count":6,"max":174.739288,"min":-212.7883,"value":-206.583267,"weightedAverage":-133.141876}},"self":14.458204799999999,"total":14.4732346,"children":{"AgentSendState":{"count":703,"self":0.0020157,"total":0.0030174,"children":{"CollectObservations":{"count":8,"self":0.0010017,"total":0.0010017,"children":null}}},"DecideAction":{"count":703,"self":0.0030041,"total":0.0030041,"children":null},"AgentAct":{"count":703,"self":0.0080062,"total":0.0080062,"children":null}}}