{"count":1,"gauges":{"My Behavior.CumulativeReward":{"count":8,"max":162.536285,"min":-192.86261,"value":162.536285,"weightedAverage":-54.8178368}},"self":26.5211872,"total":26.549211399999997,"children":{"AgentSendState":{"count":1310,"self":0.0080080999999999989,"total":0.009009699999999999,"children":{"CollectObservations":{"count":10,"self":0.0010016,"total":0.0010016,"children":null}}},"DecideAction":{"count":1310,"self":0.0060037,"total":0.0060037,"children":null},"AgentAct":{"count":1310,"self":0.012010499999999999,"total":0.012010499999999999,"children":null}}}